{"initial_reset_timestamp": 1569140578.0308857, "timestamps": [1569140583.070493, 1569140587.2338638, 1569140619.75612, 1569140631.0691993, 1569140647.7217388, 1569140688.5200634, 1569140711.793013, 1569140755.263356, 1569140799.1425383, 1569140844.3846285, 1569140888.081381, 1569140932.3666272, 1569140975.9688518, 1569141020.4087708, 1569141064.9797099, 1569141109.30086, 1569141140.1400852, 1569141184.1449833, 1569141227.2404892, 1569141249.1844277, 1569141253.435586, 1569141258.8271182, 1569141265.200298, 1569141272.7445576, 1569141285.442461, 1569141320.8091247, 1569141365.1657488, 1569141409.0875702, 1569141452.7693434, 1569141497.6430092, 1569141535.3547966, 1569141553.7255864, 1569141598.8651292, 1569141643.2451599, 1569141686.7142181, 1569141731.2379284, 1569141775.3852808, 1569141802.1397507, 1569141806.8636985, 1569141811.4843223, 1569141816.1894426, 1569141820.550715, 1569141828.2153053, 1569141831.8488414, 1569141858.9919066, 1569141883.481003, 1569141891.8754196, 1569141908.3746197, 1569141917.0002499, 1569141922.8460343, 1569141967.6654253, 1569141990.4018855, 1569142018.5580347, 1569142062.9985676, 1569142107.9387488, 1569142145.0829642, 1569142149.4835002, 1569142154.2255638, 1569142162.226883, 1569142175.225184, 1569142220.0939553, 1569142265.3145306, 1569142310.1175985, 1569142326.1610935, 1569142331.6060297, 1569142336.5134015, 1569142381.7174232, 1569142425.714069, 1569142434.1111987, 1569142439.3159242, 1569142442.0537958, 1569142445.5789196, 1569142448.4513187, 1569142452.0045393, 1569142455.1273627, 1569142458.478706, 1569142462.0379407, 1569142467.3495307, 1569142476.7227964, 1569142485.5593095, 1569142491.549726, 1569142497.1766644, 1569142501.7985513, 1569142505.275699, 1569142508.6450944, 1569142512.1825922, 1569142516.4742627, 1569142520.485573, 1569142524.99115, 1569142528.1451879, 1569142534.2121892, 1569142538.7146199, 1569142544.496588, 1569142549.4881847, 1569142556.7704446, 1569142561.9814136, 1569142568.142167, 1569142576.528305, 1569142581.347523, 1569142590.4882104, 1569142618.9268875, 1569142659.7573962, 1569142667.9547822, 1569142677.168821, 1569142687.3126013, 1569142696.4112413, 1569142712.263582, 1569142721.2616048, 1569142743.8252819, 1569142765.333518, 1569142781.6755645, 1569142789.6788316, 1569142835.3100715, 1569142881.2787924, 1569142905.6524746, 1569142942.1822336, 1569142986.9114342, 1569143032.9555826, 1569143077.573477, 1569143122.3528168, 1569143168.239253, 1569143199.1539583, 1569143245.601261, 1569143291.2406807, 1569143336.8489687, 1569143383.1297164, 1569143417.1501768, 1569143439.5150294, 1569143452.2751825, 1569143474.0968554, 1569143515.0154915, 1569143560.8925319, 1569143567.590026, 1569143571.150325, 1569143617.110577, 1569143662.7490819, 1569143708.0364, 1569143754.182785, 1569143799.556414, 1569143846.1451142, 1569143864.5686114, 1569143903.716417, 1569143907.2214108, 1569143912.047559, 1569143923.81182, 1569143970.0591938, 1569144015.3035052, 1569144020.596805, 1569144065.93259, 1569144112.0070362, 1569144158.1594393, 1569144205.0468142, 1569144209.690745, 1569144214.426566, 1569144225.9855525, 1569144271.506982, 1569144309.70524, 1569144325.0725896, 1569144335.462478, 1569144358.5806818, 1569144404.6657305, 1569144451.0579093, 1569144497.5893862, 1569144544.1536517, 1569144591.496507, 1569144638.1612878, 1569144684.2411056, 1569144730.7497823, 1569144770.3346944, 1569144816.6942573, 1569144863.1793163, 1569144890.8951378, 1569144906.305928, 1569144914.6274455, 1569144919.0657816, 1569144966.0399878, 1569145012.9636326, 1569145059.4630346, 1569145105.8413746, 1569145151.5550606, 1569145197.558721, 1569145245.0767045, 1569145292.503989, 1569145340.3962862, 1569145387.4902277, 1569145435.3123085, 1569145482.6914322, 1569145529.960332, 1569145577.634063, 1569145581.9467342, 1569145629.1671119, 1569145676.8647823, 1569145710.0822139, 1569145758.8844461, 1569145762.2000859, 1569145765.8764818, 1569145769.406937, 1569145775.1187532, 1569145823.2805882, 1569145829.1468408, 1569145849.4184313, 1569145868.925038, 1569145897.4526474, 1569145911.6111734, 1569145917.1950853, 1569145922.2212617, 1569145968.7803142, 1569146016.5150685, 1569146064.8320487, 1569146095.5649037, 1569146142.4322486, 1569146158.1933537, 1569146204.0224655, 1569146244.7053196, 1569146293.8346756, 1569146342.3716779, 1569146390.9113832, 1569146397.3412564, 1569146445.8751638, 1569146489.7279449, 1569146508.507296, 1569146529.013815, 1569146576.5510943, 1569146592.6542127, 1569146616.2325382, 1569146648.49491, 1569146655.5742617, 1569146703.3352797, 1569146723.3197885, 1569146740.7884855, 1569146788.4563181, 1569146837.2105348, 1569146885.3513072, 1569146890.2431211, 1569146923.149729, 1569146973.5663905, 1569147022.3779833, 1569147058.60944, 1569147107.408804, 1569147155.370871, 1569147203.8068967, 1569147218.5015903, 1569147246.2724543, 1569147294.0122437, 1569147297.6468568, 1569147300.667347, 1569147304.959873, 1569147312.1243012, 1569147315.1539335, 1569147324.001346, 1569147328.0219996, 1569147333.4415731, 1569147341.564487, 1569147348.3085628, 1569147354.6172318, 1569147359.2011526], "episode_lengths": [105, 102, 744, 269, 395, 1000, 534, 1000, 1000, 1000, 1000, 1000, 1000, 1000, 1000, 1000, 700, 1000, 1000, 490, 99, 119, 137, 176, 291, 780, 1000, 1000, 1000, 1000, 847, 412, 1000, 1000, 1000, 1000, 1000, 601, 103, 103, 107, 99, 172, 82, 610, 547, 191, 362, 199, 132, 1000, 521, 632, 1000, 1000, 840, 91, 104, 184, 293, 1000, 1000, 1000, 362, 124, 113, 1000, 1000, 182, 113, 63, 75, 60, 80, 70, 73, 76, 117, 212, 196, 139, 134, 105, 81, 77, 76, 91, 81, 97, 72, 143, 98, 130, 115, 162, 122, 136, 182, 113, 198, 630, 905, 187, 196, 222, 209, 354, 196, 498, 477, 372, 178, 1000, 1000, 535, 797, 1000, 1000, 1000, 1000, 1000, 653, 1000, 1000, 1000, 1000, 764, 487, 275, 480, 908, 1000, 145, 78, 1000, 1000, 1000, 1000, 1000, 1000, 399, 858, 74, 107, 269, 1000, 1000, 113, 1000, 1000, 1000, 1000, 100, 101, 245, 1000, 830, 339, 222, 492, 1000, 1000, 1000, 1000, 1000, 1000, 964, 1000, 850, 1000, 1000, 577, 331, 176, 99, 1000, 1000, 1000, 1000, 1000, 1000, 1000, 1000, 1000, 1000, 1000, 1000, 1000, 1000, 97, 1000, 1000, 716, 1000, 72, 79, 77, 116, 1000, 129, 426, 406, 596, 298, 124, 114, 1000, 1000, 1000, 637, 1000, 326, 957, 835, 1000, 1000, 992, 135, 1000, 911, 416, 430, 1000, 338, 478, 668, 156, 1000, 421, 373, 1000, 1000, 1000, 100, 697, 1000, 1000, 730, 1000, 1000, 1000, 305, 546, 1000, 71, 58, 85, 138, 71, 162, 82, 109, 157, 138, 121, 92],