{"initial_reset_timestamp": 1569729075.0802515, "timestamps": [1569729079.6838758, 1569729083.973221, 1569729092.5555859, 1569729118.5073562, 1569729150.169282, 1569729168.8873286, 1569729196.932895, 1569729202.9616313, 1569729208.4325905, 1569729218.5239835, 1569729244.6445084, 1569729286.4308646, 1569729305.5390983, 1569729329.422238, 1569729372.6855214, 1569729415.9909441, 1569729425.0844045, 1569729439.266682, 1569729460.830875, 1569729472.0261633, 1569729480.8777182, 1569729499.5343707, 1569729516.3721545, 1569729527.618297, 1569729540.771719, 1569729549.3435543, 1569729566.996779, 1569729587.4085221, 1569729630.9760833, 1569729651.1218905, 1569729676.576694, 1569729689.762603, 1569729709.6721513, 1569729726.2380958, 1569729734.2714443, 1569729747.0259495, 1569729761.8749115, 1569729785.3517103, 1569729799.5762665, 1569729808.491081, 1569729825.1343243, 1569729844.6371093, 1569729852.903995, 1569729863.1548307, 1569729881.3962436, 1569729905.0442832, 1569729915.102725, 1569729924.2142997, 1569729936.675504, 1569729947.4328089, 1569729960.912252, 1569729972.347956, 1569729990.1749568, 1569730006.6468062, 1569730021.5129488, 1569730031.450496, 1569730047.7999704, 1569730064.6514635, 1569730076.5020063, 1569730092.7686794, 1569730112.818925, 1569730125.7107224, 1569730140.8188107, 1569730147.4535186, 1569730152.7779527, 1569730163.0056562, 1569730180.360894, 1569730187.623, 1569730198.620272, 1569730215.2162054, 1569730226.2341528, 1569730235.9712029, 1569730243.7272477, 1569730254.2425241, 1569730274.9259026, 1569730314.5494316, 1569730326.767044, 1569730338.310514, 1569730351.0512953, 1569730360.3591864, 1569730374.2402544, 1569730383.176113, 1569730419.3724039, 1569730431.7661273, 1569730442.2228205, 1569730450.9243321, 1569730458.7582507, 1569730462.6762314, 1569730469.1077335, 1569730482.3681846, 1569730504.5451336, 1569730513.4628797, 1569730524.8121572, 1569730536.490885, 1569730547.551185, 1569730556.5682518, 1569730566.3717253, 1569730579.9021933, 1569730590.6338398, 1569730598.700288, 1569730613.6565924, 1569730622.0630922, 1569730665.6237938, 1569730683.5486193, 1569730702.0690799, 1569730716.298921, 1569730729.8166087, 1569730739.463373, 1569730749.8730485, 1569730754.663351, 1569730765.8209026, 1569730774.511898, 1569730786.4873981, 1569730794.2280545, 1569730803.8530254, 1569730822.3126009, 1569730847.454614, 1569730874.936959, 1569730920.4799721, 1569730930.372497, 1569730939.2444243, 1569730947.0041726, 1569730959.7423775, 1569730965.1232948, 1569730977.8403995, 1569730988.308556, 1569731001.901209, 1569731011.7902262, 1569731026.027357, 1569731044.8178601, 1569731059.2259822, 1569731069.8043017, 1569731083.7183084, 1569731094.2279778, 1569731109.2292013, 1569731126.3744953, 1569731143.4140358, 1569731156.227095, 1569731166.4738443, 1569731175.85279, 1569731186.934855, 1569731195.61258, 1569731207.52978, 1569731218.8266063, 1569731234.939332, 1569731241.9177306, 1569731250.2565732, 1569731260.4423056, 1569731274.5863202, 1569731285.0044734, 1569731298.4077294, 1569731309.1405575, 1569731320.7295952, 1569731337.4796999, 1569731349.469963, 1569731358.681311, 1569731369.1206841, 1569731379.3616307, 1569731394.7441182, 1569731419.4463308, 1569731445.6676683, 1569731460.9329438, 1569731497.1904883, 1569731510.0726123, 1569731519.9486446, 1569731527.7372637, 1569731541.6642187, 1569731547.3331103, 1569731556.4752417, 1569731565.9854703, 1569731579.221162, 1569731590.140462, 1569731601.3772814, 1569731625.2373173, 1569731669.3228352, 1569731682.5164583, 1569731692.9829383, 1569731699.8262446, 1569731705.9897683, 1569731717.71934, 1569731731.183264, 1569731745.4522128, 1569731756.0757818, 1569731767.7732673, 1569731780.5633216, 1569731793.2971103, 1569731808.016805, 1569731823.5186768, 1569731835.6433387, 1569731847.9308329, 1569731856.8663728, 1569731866.9603257, 1569731873.3827007, 1569731914.0968926, 1569731920.982613, 1569731929.1388128, 1569731937.8288064, 1569731983.209225, 1569731993.5886059, 1569732002.5514739, 1569732023.04997, 1569732055.0789435, 1569732059.3377929, 1569732078.9644592, 1569732091.611155, 1569732135.4775014, 1569732145.7030418, 1569732150.081596, 1569732164.1741123, 1569732174.333611, 1569732179.948093, 1569732190.4573715, 1569732201.951034, 1569732212.637266, 1569732226.2563586, 1569732235.7117865, 1569732247.424481, 1569732253.4575913, 1569732264.2026093, 1569732277.4836528, 1569732289.5032763, 1569732305.4433959, 1569732317.5793383, 1569732326.8295548, 1569732340.5482852, 1569732346.4149673, 1569732354.24804, 1569732360.2728748, 1569732369.2678483, 1569732377.758453, 1569732389.4560137, 1569732403.7590208, 1569732431.0086846, 1569732444.035158, 1569732454.8224387, 1569732471.2689579, 1569732488.8297756, 1569732497.9899726, 1569732509.1759171, 1569732516.7102396, 1569732553.4532914, 1569732573.7813978, 1569732581.5179968, 1569732600.5033617, 1569732610.0850072, 1569732617.5163605, 1569732626.922571, 1569732634.4770763, 1569732645.0050187, 1569732670.856842, 1569732679.6515377, 1569732696.688777, 1569732709.824258, 1569732718.9155393, 1569732729.8746872, 1569732739.49231], "episode_lengths": [104, 98, 211, 650, 702, 429, 625, 136, 118, 230, 607, 954, 439, 542, 1000, 1000, 211, 329, 489, 259, 204, 423, 374, 271, 294, 194, 407, 454, 1000, 455, 579, 300, 447, 385, 188, 288, 329, 532, 336, 218, 387, 453, 198, 234, 414, 537, 234, 213, 290, 242, 303, 260, 412, 371, 340, 227, 366, 385, 276, 371, 451, 292, 342, 154, 123, 236, 399, 167, 255, 370, 251, 227, 180, 238, 452, 931, 273, 269, 287, 206, 325, 203, 805, 277, 237, 200, 177, 87, 147, 289, 494, 205, 263, 276, 256, 203, 229, 307, 251, 186, 334, 192, 1000, 401, 423, 341, 318, 230, 232, 103, 255, 200, 270, 177, 222, 402, 565, 617, 1000, 229, 210, 182, 290, 124, 288, 230, 319, 229, 330, 423, 322, 235, 312, 241, 335, 379, 384, 290, 237, 210, 247, 198, 278, 262, 373, 156, 196, 231, 328, 239, 300, 251, 261, 378, 270, 225, 251, 231, 336, 533, 590, 349, 794, 303, 224, 167, 316, 126, 217, 207, 315, 252, 253, 533, 1000, 290, 236, 155, 139, 270, 311, 313, 232, 260, 287, 283, 337, 343, 277, 280, 208, 234, 149, 893, 157, 191, 206, 1000, 241, 208, 454, 682, 93, 437, 277, 1000, 234, 99, 316, 224, 121, 232, 254, 247, 302, 210, 271, 135, 249, 297, 279, 355, 274, 205, 307, 136, 178, 141, 200, 181, 268, 317, 590, 290, 252, 356, 395, 213, 253, 173, 804, 453, 177, 422, 214, 174, 218, 173, 235, 567, 194, 368, 306, 200, 242, 217],